                  epoch,         train/box_loss,         train/cls_loss,         train/dfl_loss,   metrics/precision(B),      metrics/recall(B),       metrics/mAP50(B),    metrics/mAP50-95(B),           val/box_loss,           val/cls_loss,           val/dfl_loss,                 lr/pg0,                 lr/pg1,                 lr/pg2
                      1,                 3.7161,                  4.423,                 4.2994,                      0,                      0,                      0,                      0,                 3.7766,                 4.6016,                 4.1569,             0.00015719,             0.00015719,             0.00015719
                      2,                 3.5523,                 3.7875,                 4.1563,                      0,                      0,                      0,                      0,                 3.7657,                 4.6133,                 4.1537,             0.00032542,             0.00032542,             0.00032542
                      3,                 3.1178,                  2.928,                 3.8626,                      0,                      0,                      0,                      0,                 3.7513,                 4.6285,                 4.1547,             0.00049025,             0.00049025,             0.00049025
                      4,                 2.8707,                 2.4876,                 3.5945,                      0,                      0,                      0,                      0,                 3.7374,                 4.6361,                 4.1756,             0.00065168,             0.00065168,             0.00065168
                      5,                 2.6273,                 2.2013,                 3.3195,                0.00017,                0.00546,                0.00016,                  2e-05,                  3.708,                 4.6474,                 4.1832,             0.00080972,             0.00080972,             0.00080972
                      6,                 2.4296,                  2.113,                 3.1025,                0.00017,                0.00546,                 0.0001,                  1e-05,                 3.6944,                 4.5925,                 4.1725,             0.00096437,             0.00096437,             0.00096437
                      7,                 2.2499,                 1.8934,                 2.9004,                0.00018,                0.00546,                0.00012,                  1e-05,                 3.6644,                 4.4928,                 4.1562,              0.0011156,              0.0011156,              0.0011156
                      8,                 2.0665,                 1.7021,                  2.732,                0.00789,                0.27869,                0.12516,                0.05993,                 3.1492,                 3.8562,                 3.7012,              0.0012635,              0.0012635,              0.0012635
                      9,                 1.9136,                 1.5962,                 2.5769,                0.00711,                0.29508,                0.22064,                0.09266,                 3.1272,                 3.6429,                 3.4086,              0.0013158,              0.0013158,              0.0013158
                     10,                 1.8057,                 1.4651,                 2.4603,                0.94323,                0.22678,                0.24628,                 0.1009,                 2.9151,                 3.4749,                 3.1981,              0.0013017,              0.0013017,              0.0013017
                     11,                 1.7753,                 1.4718,                 2.3701,                0.89818,                0.31395,                0.38078,                0.14868,                 2.5457,                 2.5641,                 2.9322,              0.0012875,              0.0012875,              0.0012875
                     12,                 1.6049,                 1.3804,                 2.2716,                0.75351,                0.34938,                0.49463,                0.28784,                 1.8768,                 2.3429,                  2.429,              0.0012734,              0.0012734,              0.0012734
                     13,                 1.5923,                 1.2682,                 2.1997,                0.67564,                  0.646,                0.74157,                0.43581,                 1.7485,                 1.6681,                 2.3523,              0.0012592,              0.0012592,              0.0012592
                     14,                 1.4054,                 1.2329,                 2.0565,                0.96302,                0.57451,                 0.7377,                 0.4492,                 1.5844,                 1.6077,                 2.0383,              0.0012451,              0.0012451,              0.0012451
                     15,                 1.3903,                 1.1839,                 2.0145,                0.97946,                0.61794,                0.76121,                0.50138,                 1.3357,                 1.1847,                 1.9244,              0.0012309,              0.0012309,              0.0012309
                     16,                 1.3398,                 1.1926,                 1.9745,                0.92321,                0.68259,                0.76531,                0.56238,                 1.2167,                 1.2614,                 1.8135,              0.0012168,              0.0012168,              0.0012168
                     17,                 1.2122,                 1.0515,                 1.8466,                0.70621,                0.73797,                0.77669,                0.56116,                 1.1543,                 1.1134,                 1.7343,              0.0012026,              0.0012026,              0.0012026
                     18,                 1.1681,                 1.0195,                 1.7928,                0.87999,                0.76117,                 0.8063,                0.58267,                 1.1509,                 1.0719,                 1.6947,              0.0011885,              0.0011885,              0.0011885
                     19,                 1.1931,                 1.0424,                 1.8244,                0.97161,                0.77075,                0.80416,                  0.614,                 1.1614,                 1.0349,                 1.6763,              0.0011744,              0.0011744,              0.0011744
                     20,                 1.1484,                 0.9836,                 1.7346,                0.94359,                0.77218,                0.79835,                0.57324,                 1.1117,                 1.0165,                 1.6463,              0.0011602,              0.0011602,              0.0011602
                     21,                 1.0835,                0.91981,                 1.7026,                0.98586,                0.75916,                0.80097,                0.59806,                 0.8971,                0.97508,                   1.58,              0.0011461,              0.0011461,              0.0011461
                     22,                 1.0358,                0.90566,                 1.6577,                0.93536,                0.77718,                0.80563,                0.61755,                0.83313,                0.93191,                 1.5113,              0.0011319,              0.0011319,              0.0011319
                     23,                0.98934,                0.90564,                 1.6254,                0.97429,                0.72112,                0.80036,                0.64555,                0.79396,                0.86058,                 1.4643,              0.0011178,              0.0011178,              0.0011178
                     24,                0.92736,                0.84395,                 1.5794,                0.97678,                0.73524,                0.79761,                0.63541,                0.85599,                 0.9301,                  1.501,              0.0011036,              0.0011036,              0.0011036
                     25,                0.92526,                0.83864,                 1.5613,                0.92146,                 0.7489,                0.82349,                  0.658,                0.73768,                0.80029,                 1.3825,              0.0010895,              0.0010895,              0.0010895
                     26,                0.95817,                 0.8603,                 1.5557,                0.96313,                0.70074,                0.80871,                0.66805,                0.76501,                0.87461,                 1.3899,              0.0010753,              0.0010753,              0.0010753
                     27,                0.94925,                0.81707,                 1.5467,                0.96227,                0.78701,                0.82303,                0.67194,                0.79662,                0.87438,                 1.4195,              0.0010612,              0.0010612,              0.0010612
                     28,                0.92553,                 0.8071,                 1.5216,                0.97382,                0.78594,                0.83658,                0.70981,                0.70598,                0.77936,                 1.3584,               0.001047,               0.001047,               0.001047
                     29,                0.85068,                0.76345,                  1.446,                0.96192,                0.77974,                0.83018,                0.68759,                0.76069,                0.78555,                 1.3864,              0.0010329,              0.0010329,              0.0010329
                     30,                0.91748,                0.80431,                 1.4889,                0.98066,                0.74455,                0.81389,                0.65966,                0.80073,                0.76269,                 1.4412,              0.0010187,              0.0010187,              0.0010187
                     31,                0.90968,                0.82446,                 1.4942,                0.96758,                0.78594,                0.83795,                0.68578,                0.76143,                0.73326,                 1.3476,              0.0010046,              0.0010046,              0.0010046
                     32,                0.90148,                0.78077,                 1.4646,                0.92646,                0.77742,                0.83369,                0.68117,                0.79378,                0.74846,                 1.4023,             0.00099044,             0.00099044,             0.00099044
                     33,                0.89168,                0.80266,                 1.4743,                0.96006,                0.78594,                0.86625,                0.70773,                0.76064,                0.76472,                 1.3291,             0.00097629,             0.00097629,             0.00097629
                     34,                0.90122,                0.79731,                 1.4538,                0.96644,                0.73652,                0.82118,                0.70161,                0.67166,                0.74936,                 1.2761,             0.00096215,             0.00096215,             0.00096215
                     35,                0.87598,                0.79517,                 1.4231,                 0.9625,                0.77193,                0.82887,                0.69523,                0.70259,                0.71219,                 1.3287,               0.000948,               0.000948,               0.000948
                     36,                0.80178,                0.71899,                 1.3665,                  0.986,                0.78354,                0.84144,                0.68923,                0.70893,                0.67319,                  1.318,             0.00093385,             0.00093385,             0.00093385
                     37,                0.81716,                0.71423,                 1.3563,                0.98383,                0.78146,                0.83702,                0.71646,                0.66919,                0.63819,                 1.2859,              0.0009197,              0.0009197,              0.0009197
                     38,                0.82578,                0.77942,                 1.4012,                0.96441,                 0.7818,                0.83806,                0.72536,                0.60983,                0.64512,                 1.2712,             0.00090556,             0.00090556,             0.00090556
                     39,                0.82226,                0.69068,                 1.3459,                0.95997,                0.77941,                0.84998,                0.71651,                0.64899,                 0.6876,                 1.2798,             0.00089141,             0.00089141,             0.00089141
                     40,                0.72758,                0.66101,                 1.3032,                0.95993,                0.78321,                0.87125,                0.72318,                0.68662,                0.63335,                 1.2708,             0.00087726,             0.00087726,             0.00087726
                     41,                 0.7615,                0.65652,                 1.2972,                0.97966,                0.78047,                0.83025,                 0.7084,                0.70506,                0.68754,                 1.3055,             0.00086312,             0.00086312,             0.00086312
                     42,                0.75665,                0.66231,                 1.3218,                0.96235,                0.78594,                0.85292,                0.71101,                0.67425,                0.63757,                 1.2589,             0.00084897,             0.00084897,             0.00084897
                     43,                 0.7497,                0.65762,                 1.2925,                0.98118,                0.77377,                0.85577,                0.73572,                0.61824,                0.60536,                 1.2498,             0.00083482,             0.00083482,             0.00083482
                     44,                0.72819,                 0.6753,                 1.2926,                0.97423,                0.78594,                0.87758,                0.71816,                0.61051,                 0.6232,                 1.2422,             0.00082067,             0.00082067,             0.00082067
                     45,                 0.7232,                0.65164,                 1.2728,                0.97694,                0.78321,                0.90126,                0.76515,                0.59645,                0.59752,                 1.2009,             0.00080653,             0.00080653,             0.00080653
                     46,                0.73033,                0.66562,                 1.2746,                0.98004,                0.78558,                0.83707,                0.69453,                0.58849,                0.60659,                 1.2189,             0.00079238,             0.00079238,             0.00079238
                     47,                0.67323,                0.62319,                 1.2333,                 0.9823,                0.77877,                0.83024,                0.69829,                0.62831,                 0.6302,                  1.232,             0.00077823,             0.00077823,             0.00077823
                     48,                0.72066,                0.64079,                 1.2649,                 0.9814,                0.77073,                0.82694,                0.70479,                0.59546,                 0.6059,                 1.2166,             0.00076409,             0.00076409,             0.00076409
                     49,                0.70695,                  0.614,                 1.2573,                0.97742,                0.78594,                0.85242,                0.74164,                0.57186,                0.58179,                 1.1708,             0.00074994,             0.00074994,             0.00074994
                     50,                0.63197,                0.57797,                 1.2061,                0.96541,                0.78594,                0.84739,                0.73422,                0.57511,                 0.5778,                 1.1817,             0.00073579,             0.00073579,             0.00073579
                     51,                0.62484,                0.56623,                 1.1844,                0.82733,                0.94829,                0.92192,                0.76742,                0.55804,                0.55066,                 1.1915,             0.00072164,             0.00072164,             0.00072164
                     52,                0.65399,                0.56826,                 1.1903,                0.96846,                0.78594,                0.92361,                0.78731,                0.53302,                 0.5378,                 1.1533,              0.0007075,              0.0007075,              0.0007075
                     53,                0.64979,                0.57255,                 1.2194,                0.97115,                0.78073,                0.85674,                0.75129,                0.56306,                0.53714,                 1.1493,             0.00069335,             0.00069335,             0.00069335
                     54,                0.67497,                0.60135,                 1.2233,                0.94159,                0.78768,                 0.8413,                0.72368,                0.52807,                  0.587,                 1.1306,              0.0006792,              0.0006792,              0.0006792
                     55,                0.64845,                0.56566,                 1.1889,                0.97878,                0.77892,                0.83846,                0.73674,                0.56284,                0.52812,                 1.1414,             0.00066506,             0.00066506,             0.00066506
                     56,                0.64629,                0.57927,                  1.195,                 0.9637,                0.78564,                0.83965,                0.71456,                0.57562,                0.56096,                 1.1498,             0.00065091,             0.00065091,             0.00065091
                     57,                 0.6548,                0.57543,                 1.1974,                0.94596,                0.78419,                0.85686,                0.71379,                0.57352,                 0.5561,                 1.1398,             0.00063676,             0.00063676,             0.00063676
                     58,                0.62775,                0.58671,                 1.1672,                0.98048,                0.77774,                0.83718,                0.73507,                0.54436,                0.56317,                  1.131,             0.00062262,             0.00062262,             0.00062262
                     59,                0.62117,                0.55074,                 1.1837,                0.96727,                0.78745,                0.86065,                0.73976,                0.57022,                0.52935,                 1.1368,             0.00060847,             0.00060847,             0.00060847
                     60,                0.61163,                0.55827,                 1.1565,                0.98027,                0.76325,                0.87604,                0.76235,                0.52143,                0.52092,                 1.1142,             0.00059432,             0.00059432,             0.00059432
                     61,                 0.6063,                0.54118,                 1.1548,                0.98591,                0.78473,                0.90601,                0.80741,                0.51938,                0.53726,                 1.1139,             0.00058017,             0.00058017,             0.00058017
                     62,                0.59449,                0.52705,                 1.1406,                0.93153,                0.82398,                0.96242,                0.85741,                0.50834,                0.48274,                 1.1214,             0.00056603,             0.00056603,             0.00056603
                     63,                0.57367,                0.52062,                 1.1283,                0.93577,                0.82982,                0.95313,                 0.8047,                0.51246,                0.50854,                 1.1001,             0.00055188,             0.00055188,             0.00055188
                     64,                0.57471,                0.51559,                 1.1278,                0.91843,                0.94336,                0.95296,                0.85556,                0.49515,                0.50716,                 1.0908,             0.00053773,             0.00053773,             0.00053773
                     65,                0.60632,                0.51995,                 1.1401,                0.79669,                0.93658,                0.89408,                 0.7813,                0.48915,                0.48746,                 1.0915,             0.00052359,             0.00052359,             0.00052359
                     66,                0.56935,                0.51305,                 1.1351,                0.84894,                0.93638,                0.89651,                0.76716,                0.47668,                0.49395,                  1.079,             0.00050944,             0.00050944,             0.00050944
                     67,                0.60677,                0.54173,                   1.15,                 0.9814,                0.78706,                0.92087,                0.79588,                0.49094,                0.47355,                 1.0812,             0.00049529,             0.00049529,             0.00049529
                     68,                0.59112,                0.50288,                 1.1364,                0.80352,                0.94336,                0.90095,                0.73824,                0.48812,                0.50478,                  1.084,             0.00048114,             0.00048114,             0.00048114
                     69,                0.58279,                0.50065,                 1.1314,                0.80392,                0.96204,                0.90619,                0.75611,                0.49881,                0.46714,                 1.0889,               0.000467,               0.000467,               0.000467
                     70,                0.61603,                0.52225,                  1.163,                0.98517,                0.79074,                0.88948,                0.75315,                0.48813,                0.49065,                 1.0865,             0.00045285,             0.00045285,             0.00045285
                     71,                 0.5646,                0.51138,                  1.123,                0.88444,                0.94336,                0.92841,                0.78237,                0.49854,                0.48425,                 1.0879,              0.0004387,              0.0004387,              0.0004387
                     72,                0.56268,                0.50014,                 1.1234,                0.97217,                0.83041,                0.95029,                0.79231,                0.46539,                0.48434,                 1.0719,             0.00042456,             0.00042456,             0.00042456
                     73,                0.57712,                0.51995,                 1.1295,                0.98562,                 0.7762,                 0.9216,                0.82116,                0.47078,                0.45056,                 1.0539,             0.00041041,             0.00041041,             0.00041041
                     74,                0.57065,                0.47932,                 1.1152,                0.96114,                0.94187,                0.95789,                0.84503,                0.44422,                0.43713,                 1.0491,             0.00039626,             0.00039626,             0.00039626
                     75,                0.56022,                0.50257,                 1.1081,                0.98547,                0.78321,                0.88776,                 0.7749,                0.50702,                0.45344,                 1.0735,             0.00038211,             0.00038211,             0.00038211
                     76,                0.55462,                0.46941,                 1.1115,                0.81107,                0.93682,                0.93793,                0.81056,                0.43626,                0.42676,                 1.0374,             0.00036797,             0.00036797,             0.00036797
                     77,                0.55953,                0.47241,                 1.0882,                0.94082,                0.93682,                0.96135,                0.84208,                0.45177,                0.42824,                 1.0458,             0.00035382,             0.00035382,             0.00035382
                     78,                0.54792,                0.47005,                 1.1019,                0.93909,                0.92554,                 0.9579,                0.86827,                0.41962,                0.41982,                 1.0336,             0.00033967,             0.00033967,             0.00033967
                     79,                0.57235,                0.49112,                 1.1106,                0.97221,                0.93592,                0.95846,                0.85147,                0.44019,                0.43262,                 1.0406,             0.00032553,             0.00032553,             0.00032553
                     80,                0.55882,                0.47965,                 1.0949,                  0.934,                0.93682,                 0.9535,                0.85855,                 0.4216,                0.43808,                 1.0367,             0.00031138,             0.00031138,             0.00031138
                     81,                0.51599,                0.45204,                  1.069,                0.92823,                0.93682,                0.95183,                0.85159,                0.44801,                 0.4173,                 1.0466,             0.00029723,             0.00029723,             0.00029723
                     82,                0.51186,                0.45992,                 1.0741,                0.94445,                0.93682,                0.95398,                0.86129,                0.44305,                0.41687,                  1.041,             0.00028308,             0.00028308,             0.00028308
                     83,                0.51669,                0.44604,                 1.0653,                0.95375,                0.94192,                0.95518,                0.85611,                 0.4505,                 0.4171,                 1.0445,             0.00026894,             0.00026894,             0.00026894
                     84,                0.52488,                0.45132,                 1.0834,                0.85622,                0.94336,                0.94579,                0.82933,                0.42602,                0.41299,                 1.0326,             0.00025479,             0.00025479,             0.00025479
                     85,                0.56332,                0.46518,                  1.101,                0.86272,                0.95146,                  0.949,                0.82894,                0.41901,                0.40773,                 1.0236,             0.00024064,             0.00024064,             0.00024064
                     86,                0.51142,                0.44687,                 1.0673,                0.93816,                0.94304,                0.96137,                0.87141,                0.43001,                0.41804,                 1.0311,              0.0002265,              0.0002265,              0.0002265
                     87,                0.51729,                 0.4363,                  1.071,                0.95129,                0.94083,                0.96318,                0.87377,                0.42223,                0.41601,                  1.025,             0.00021235,             0.00021235,             0.00021235
                     88,                0.55166,                 0.4567,                 1.1099,                0.94532,                 0.9421,                0.97156,                0.88514,                0.41963,                0.40376,                   1.02,              0.0001982,              0.0001982,              0.0001982
                     89,                0.51316,                0.44301,                 1.0765,                0.95118,                0.93682,                0.97047,                0.86732,                0.42229,                0.40512,                 1.0191,             0.00018406,             0.00018406,             0.00018406
                     90,                0.52989,                 0.4449,                 1.0852,                0.85578,                0.94102,                0.94599,                 0.8547,                0.39974,                0.39615,                 1.0139,             0.00016991,             0.00016991,             0.00016991
                     91,                0.48327,                0.45048,                  1.042,                0.86484,                0.94233,                0.97048,                0.84603,                0.41448,                0.42177,                 1.0163,             0.00015576,             0.00015576,             0.00015576
                     92,                0.45954,                0.42954,                 1.0325,                0.89991,                0.86886,                 0.9675,                0.84317,                0.40583,                0.41211,                 1.0138,             0.00014161,             0.00014161,             0.00014161
                     93,                0.46434,                0.43477,                 1.0359,                0.84386,                0.97928,                0.95848,                0.84894,                0.43487,                 0.4101,                 1.0194,             0.00012747,             0.00012747,             0.00012747
                     94,                0.44819,                0.41952,                  1.011,                0.87025,                0.94058,                0.95921,                0.85102,                0.41179,                0.40709,                 1.0084,             0.00011332,             0.00011332,             0.00011332
                     95,                0.43009,                 0.4116,                 1.0034,                0.84489,                0.96345,                0.96143,                 0.8518,                0.40665,                0.40748,                 1.0051,             9.9173e-05,             9.9173e-05,             9.9173e-05
                     96,                0.46377,                0.42093,                 1.0307,                0.94708,                0.96726,                0.98136,                0.88477,                0.40198,                0.40803,                 1.0043,             8.5026e-05,             8.5026e-05,             8.5026e-05
                     97,                0.45413,                0.41242,                 1.0167,                0.94411,                0.96709,                0.98585,                0.87665,                 0.3963,                 0.4064,                 1.0001,             7.0878e-05,             7.0878e-05,             7.0878e-05
                     98,                0.44841,                0.39799,                 1.0024,                0.94906,                0.96319,                0.98099,                0.87549,                0.39605,                0.40355,                 1.0001,             5.6731e-05,             5.6731e-05,             5.6731e-05
                     99,                0.45661,                0.41479,                 1.0202,                0.93847,                0.94166,                0.96817,                0.87933,                0.39216,                0.39661,                0.99707,             4.2584e-05,             4.2584e-05,             4.2584e-05
                    100,                0.43377,                0.41114,                 1.0205,                0.93668,                0.94174,                0.96855,                0.87826,                0.38602,                0.38941,                 0.9943,             2.8437e-05,             2.8437e-05,             2.8437e-05
